<?xml version="1.0"?>
<ArrayOfStudent xmlns:xsi="http://www.w3.org/2001/XMLSchema-instance" xmlns:xsd="http://www.w3.org/2001/XMLSchema">
  <Student>
    <LastName>Мария</LastName>
    <FirstName>Глущенко</FirstName>
    <University>МГУ</University>
    <Faculty>Робототехника</Faculty>
    <Department>Инженерная кафедра</Department>
    <Age>20</Age>
    <Course>5</Course>
    <Group>1</Group>
    <City>Москва</City>
  </Student>
  <Student>
    <LastName>Андрей</LastName>
    <FirstName>Горушко</FirstName>
    <University>МГУ</University>
    <Faculty>Робототехника</Faculty>
    <Department>Инженерная кафедра</Department>
    <Age>21</Age>
    <Course>5</Course>
    <Group>2</Group>
    <City>Москва</City>
  </Student>
  <Student>
    <LastName>Анастасия</LastName>
    <FirstName>Золотухина</FirstName>
    <University>МГУ</University>
    <Faculty>Робототехника</Faculty>
    <Department>Инженерная кафедра</Department>
    <Age>22</Age>
    <Course>4</Course>
    <Group>2</Group>
    <City>Питер</City>
  </Student>
  <Student>
    <LastName>Артем</LastName>
    <FirstName>Козлов</FirstName>
    <University>МГУ</University>
    <Faculty>Робототехника</Faculty>
    <Department>Инженерная кафедра</Department>
    <Age>21</Age>
    <Course>6</Course>
    <Group>4</Group>
    <City>Питер</City>
  </Student>
  <Student>
    <LastName>Александр</LastName>
    <FirstName>Лютиков</FirstName>
    <University>МГУ</University>
    <Faculty>Робототехника</Faculty>
    <Department>Инженерная кафедра</Department>
    <Age>19</Age>
    <Course>3</Course>
    <Group>2</Group>
    <City>Волгоград</City>
  </Student>
  <Student>
    <LastName>Михаил</LastName>
    <FirstName>Никифоров</FirstName>
    <University>МГУ</University>
    <Faculty>Робототехника</Faculty>
    <Department>Инженерная кафедра</Department>
    <Age>20</Age>
    <Course>2</Course>
    <Group>3</Group>
    <City>Орёл</City>
  </Student>
  <Student>
    <LastName>Антон</LastName>
    <FirstName>Никифоров</FirstName>
    <University>МГУ</University>
    <Faculty>Робототехника</Faculty>
    <Department>Инженерная кафедра</Department>
    <Age>23</Age>
    <Course>6</Course>
    <Group>3</Group>
    <City>Орёл</City>
  </Student>
  <Student>
    <LastName>Игнат</LastName>
    <FirstName>Никифоров</FirstName>
    <University>МГУ</University>
    <Faculty>Робототехника</Faculty>
    <Department>Инженерная кафедра</Department>
    <Age>21</Age>
    <Course>2</Course>
    <Group>3</Group>
    <City>Орёл</City>
  </Student>
</ArrayOfStudent>